[
	{
		"anonymous": false,
		"inputs": [
			{
				"indexed": true,
				"internalType": "uint256",
				"name": "propertyNumber",
				"type": "uint256"
			},
			{
				"indexed": false,
				"internalType": "string",
				"name": "propertyName",
				"type": "string"
			},
			{
				"indexed": false,
				"internalType": "string",
				"name": "ownerName",
				"type": "string"
			},
			{
				"indexed": false,
				"internalType": "string",
				"name": "country",
				"type": "string"
			},
			{
				"indexed": false,
				"internalType": "string",
				"name": "contactNumber",
				"type": "string"
			},
			{
				"indexed": true,
				"internalType": "bytes32",
				"name": "hashCode",
				"type": "bytes32"
			}
		],
		"name": "PropertyRegistered",
		"type": "event"
	},
	{
		"inputs": [
			{
				"internalType": "string",
				"name": "_propertyName",
				"type": "string"
			},
			{
				"internalType": "string",
				"name": "_ownerName",
				"type": "string"
			},
			{
				"internalType": "string",
				"name": "_country",
				"type": "string"
			},
			{
				"internalType": "string",
				"name": "_contactNumber",
				"type": "string"
			}
		],
		"name": "registerProperty",
		"outputs": [],
		"stateMutability": "nonpayable",
		"type": "function"
	},
	{
		"inputs": [
			{
				"internalType": "bytes32",
				"name": "_hashCode",
				"type": "bytes32"
			}
		],
		"name": "getPropertyDetails",
		"outputs": [
			{
				"internalType": "string",
				"name": "",
				"type": "string"
			},
			{
				"internalType": "string",
				"name": "",
				"type": "string"
			},
			{
				"internalType": "string",
				"name": "",
				"type": "string"
			},
			{
				"internalType": "string",
				"name": "",
				"type": "string"
			},
			{
				"internalType": "uint256",
				"name": "",
				"type": "uint256"
			}
		],
		"stateMutability": "view",
		"type": "function"
	},
	{
		"inputs": [
			{
				"internalType": "uint256",
				"name": "",
				"type": "uint256"
			}
		],
		"name": "properties",
		"outputs": [
			{
				"internalType": "string",
				"name": "propertyName",
				"type": "string"
			},
			{
				"internalType": "string",
				"name": "ownerName",
				"type": "string"
			},
			{
				"internalType": "string",
				"name": "country",
				"type": "string"
			},
			{
				"internalType": "string",
				"name": "contactNumber",
				"type": "string"
			},
			{
				"internalType": "uint256",
				"name": "propertyNumber",
				"type": "uint256"
			}
		],
		"stateMutability": "view",
		"type": "function"
	},
	{
		"inputs": [
			{
				"internalType": "bytes32",
				"name": "",
				"type": "bytes32"
			}
		],
		"name": "propertyHashes",
		"outputs": [
			{
				"internalType": "uint256",
				"name": "",
				"type": "uint256"
			}
		],
		"stateMutability": "view",
		"type": "function"
	}
]